2024-01-01,銀行休業日
2024-01-02,銀行休業日
2024-01-03,銀行休業日
2024-01-08,成人の日
2024-02-03,節分
2024-02-11,建国記念の日
2024-02-12,"建国記念の日 振替休日"
2024-02-23,天皇誕生日
2024-03-03,雛祭り
2024-03-20,春分の日
2024-04-29,昭和の日
2024-05-03,憲法記念日
2024-05-04,みどりの日
2024-05-05,こどもの日
2024-05-06,"こどもの日 振替休日"
2024-05-12,母の日
2024-07-07,七夕
2024-07-15,海の日
2024-08-11,山の日
2024-08-12,"休日 山の日"
2024-09-16,敬老の日
2024-09-22,秋分の日
2024-09-23,"秋分の日 振替休日"
2024-10-14,スポーツの日
2024-11-03,文化の日
2024-11-04,"文化の日 振替休日"
2024-11-15,七五三
2024-11-23,勤労感謝の日
2024-12-25,クリスマス
2024-12-31,大晦日
