1546268400,元日
1547391600,成人の日
1549810800,建国記念の日
1553094000,春分の日
1556463600,昭和の日
1556550000,祝日
1556636400,天皇の即位の日
1556722800,祝日
1556809200,憲法記念日
1556895600,みどりの日
1556982000,こどもの日
1557068400,"こどもの日 振替休日"
1563116400,海の日
1565449200,山の日
1565535600,"山の日 振替休日"
1568559600,敬老の日
1569164400,秋分の日
1570978800,体育の日
1571670000,即位礼正殿の儀の行われる日
1572706800,文化の日
1572793200,"文化の日 振替休日"
1574434800,勤労感謝の日
1577804400,元日
1578841200,成人の日
1581346800,建国記念の日
1582383600,天皇誕生日
1582470000,"天皇誕生日 振替休日"
1584630000,春分の日
1588086000,昭和の日
1588431600,憲法記念日
1588518000,みどりの日
1588604400,こどもの日
1588690800,"憲法記念日 振替休日"
1595430000,海の日
1595516400,体育の日
1596985200,山の日
1600614000,敬老の日
1600700400,秋分の日
1604329200,文化の日
1606057200,勤労感謝の日
1609426800,元日
1610290800,成人の日
1612969200,建国記念の日
1614006000,天皇誕生日
1616166000,春分の日
1619622000,昭和の日
1619967600,憲法記念日
1620054000,みどりの日
1620140400,こどもの日
1626620400,海の日
1628607600,山の日
1632063600,敬老の日
1632322800,秋分の日
1633878000,体育の日
1635865200,文化の日
1637593200,勤労感謝の日
