1577804400,元日
1578841200,成人の日
1581346800,建国記念の日
1582383600,天皇誕生日
1582470000,"天皇誕生日 振替休日"
1584630000,春分の日
1588086000,昭和の日
1588431600,憲法記念日
1588518000,みどりの日
1588604400,こどもの日
1588690800,"憲法記念日 振替休日"
1595430000,海の日
1595516400,スポーツの日
1596985200,山の日
1600614000,敬老の日
1600700400,秋分の日
1604329200,文化の日
1606057200,勤労感謝の日
1609426800,元日
1610290800,成人の日
1612969200,建国記念の日
1614006000,天皇誕生日
1616166000,春分の日
1619622000,昭和の日
1619967600,憲法記念日
1620054000,みどりの日
1620140400,こどもの日
1626879600,海の日
1626966000,スポーツの日
1628348400,山の日
1628434800,"休日 山の日"
1632063600,敬老の日
1632322800,秋分の日
1635865200,文化の日
1637593200,勤労感謝の日
1640962800,元日
1641740400,成人の日
1644505200,建国記念の日
1645542000,天皇誕生日
1647788400,春分の日
1651158000,昭和の日
1651503600,憲法記念日
1651590000,みどりの日
1651676400,こどもの日
1658070000,海の日
1660143600,山の日
1663513200,敬老の日
1663858800,秋分の日
1665327600,スポーツの日
1667401200,文化の日
1669129200,勤労感謝の日
